town,grid_count,C_text_mean,O_official_mean,T_tourism_mean,M_revised_mean,official_grids
桂城街道,333,2.1490990990990992,2.595773479252626,22.275015015015015,19.94724616385451,40
大沥镇,397,1.7303274559193953,4.007889898298519,17.180856423173804,14.539503990302759,67
里水镇,619,0.37476575121163164,2.0856515845981036,7.593021001615509,6.533900917049288,54
狮山镇,1403,0.3196578759800428,1.357622140361819,5.719657875980043,4.98481429424729,86
丹灶镇,580,4.359172413793104,1.8419359640051955,5.065948275862069,1.7136704419841289,44
西樵镇,715,11.778881118881118,18.286280158134264,6.552713286713286,-7.82912744786909,715
九江镇,386,6.165751295336787,2.459784761473943,5.695984455958549,1.0126197741668996,35
